Musteri_ID,Yas,Aylik_Harcama,Abonelik_Suresi_Ay,Destek_Talebi_Sayisi,Sehir,Uyelik_Tipi,Churn
1,49.0,594.38,12.0,0.0,Ankara,Standart,0
2,29.0,424.48,12.0,2.0,Bursa,Premium,1
3,35.0,557.04,58.0,2.0,,Temel,0
4,24.0,457.09,51.0,1.0,İstanbul,Temel,0
5,41.0,414.31,16.0,4.0,Bursa,Premium,1
6,29.0,908.67,1.0,2.0,Antalya,Premium,1
7,65.0,72.26,44.0,3.0,İstanbul,Premium,0
8,27.0,438.25,40.0,6.0,İzmir,Temel,0
9,31.0,743.4,600.0,3.0,Ankara,Temel,1
10,58.0,347.86,23.0,2.0,Adana,Standart,1
11,,243.48,48.0,1.0,Adana,Temel,0
12,58.0,402.6,1.0,4.0,Antalya,Standart,1
13,46.0,585.52,23.0,4.0,İzmir,Standart,0
14,18.0,533.08,55.0,3.0,Eskişehir,Temel,0
15,64.0,381.69,26.0,1.0,İstanbul,Temel,0
16,23.0,516.0,57.0,0.0,Ankara,Standart,0
17,30.0,629.22,4.0,2.0,İzmir,Premium,1
18,,661.36,51.0,2.0,İzmir,Temel,0
19,58.0,350.29,14.0,6.0,İzmir,Standart,1
20,67.0,579.13,35.0,3.0,İstanbul,Standart,0
21,37.0,471.77,36.0,3.0,İzmir,Standart,1
22,65.0,771.46,42.0,4.0,İstanbul,Temel,1
23,26.0,639.17,53.0,3.0,Eskişehir,Standart,0
24,69.0,544.39,54.0,2.0,İzmir,Temel,0
25,47.0,431.97,35.0,3.0,Eskişehir,Premium,0
26,0.0,441.32,33.0,3.0,İstanbul,Standart,0
27,52.0,551.0,-10.0,1.0,Antalya,Temel,0
28,62.0,331.28,54.0,1.0,Eskişehir,Standart,0
29,26.0,354.43,50.0,2.0,Antalya,Standart,0
30,37.0,,26.0,2.0,İstanbul,Temel,0
31,,527.71,4.0,3.0,İzmir,Standart,0
32,30.0,565.99,11.0,1.0,Bursa,Temel,0
33,49.0,296.33,18.0,4.0,Antalya,Temel,1
34,61.0,336.98,12.0,4.0,Ankara,Premium,1
35,41.0,442.9,38.0,2.0,Antalya,Standart,0
36,18.0,479.37,17.0,2.0,Eskişehir,Standart,0
37,59.0,557.06,40.0,1.0,Bursa,Temel,0
38,27.0,419.24,18.0,1.0,Eskişehir,Premium,1
39,65.0,723.65,45.0,,Antalya,Premium,1
40,26.0,389.77,43.0,3.0,Bursa,Temel,1
41,54.0,730.61,35.0,3.0,,Standart,0
42,37.0,442.08,40.0,3.0,Eskişehir,Premium,0
43,53.0,677.06,11.0,0.0,Antalya,Temel,1
44,46.0,593.97,59.0,0.0,,Temel,0
45,25.0,299.04,44.0,1.0,İzmir,Temel,0
46,28.0,593.91,33.0,2.0,Adana,,0
47,57.0,620.76,14.0,1.0,Ankara,Standart,0
48,56.0,750.83,42.0,2.0,Adana,,0
49,64.0,559.03,50.0,0.0,Bursa,Temel,1
50,27.0,511.21,40.0,2.0,İzmir,,0
51,36.0,226.48,2.0,2.0,Eskişehir,Premium,1
52,25.0,372.75,8.0,2.0,Eskişehir,Temel,0
53,57.0,431.38,23.0,1.0,Ankara,Temel,0
54,33.0,718.17,12.0,3.0,Bursa,Premium,0
55,62.0,653.28,34.0,3.0,Ankara,Temel,1
56,18.0,528.19,35.0,1.0,İzmir,Premium,0
57,60.0,644.42,41.0,3.0,Ankara,Standart,0
58,30.0,640.93,44.0,4.0,Bursa,Standart,0
59,35.0,580.76,9.0,1.0,Bursa,Temel,0
60,29.0,699.8,29.0,2.0,Antalya,Temel,1
61,69.0,313.75,11.0,0.0,Antalya,Temel,0
62,33.0,540.43,14.0,2.0,Ankara,Temel,1
63,51.0,318.53,2.0,0.0,Ankara,Temel,1
64,47.0,473.79,31.0,2.0,Eskişehir,Standart,1
65,42.0,354.51,3.0,2.0,İzmir,Temel,0
66,54.0,464.79,57.0,2.0,Bursa,Premium,0
67,,600.81,28.0,0.0,Bursa,Standart,0
68,68.0,270.38,29.0,3.0,,Temel,0
69,53.0,569.26,58.0,3.0,Antalya,Temel,1
70,48.0,638.69,10.0,1.0,Ankara,Temel,0
71,28.0,447.42,23.0,1.0,Eskişehir,Standart,1
72,69.0,315.55,2.0,2.0,Antalya,Temel,0
73,57.0,300.91,35.0,2.0,İzmir,Premium,1
74,38.0,,16.0,3.0,Adana,Standart,1
75,45.0,,27.0,2.0,İstanbul,Temel,0
76,,285.53,54.0,3.0,İstanbul,Temel,0
77,40.0,660.57,38.0,1.0,Antalya,Temel,0
78,44.0,-500.0,38.0,4.0,İstanbul,Premium,1
79,69.0,656.37,12.0,1.0,İstanbul,Temel,0
80,41.0,584.47,30.0,1.0,Adana,Standart,1
81,64.0,,12.0,0.0,Adana,Standart,0
82,65.0,,9.0,3.0,Ankara,Standart,0
83,55.0,480.32,45.0,1.0,Bursa,Premium,0
84,40.0,510.13,31.0,3.0,Antalya,Premium,1
85,27.0,478.58,15.0,99.0,Antalya,Standart,1
86,63.0,676.51,51.0,1.0,İzmir,Standart,1
87,20.0,517.24,14.0,2.0,İstanbul,Temel,0
88,36.0,430.37,11.0,2.0,Adana,Temel,1
89,65.0,431.28,46.0,3.0,Ankara,Standart,0
90,46.0,464.9,22.0,1.0,İzmir,Standart,1
91,29.0,,22.0,0.0,Ankara,Standart,1
92,28.0,627.67,17.0,3.0,Adana,Temel,1
93,67.0,379.01,20.0,2.0,Adana,Temel,1
94,48.0,553.68,2.0,3.0,Bursa,Standart,0
95,53.0,616.31,38.0,1.0,İstanbul,Temel,1
96,46.0,254.91,8.0,1.0,Bursa,Temel,0
97,21.0,636.08,20.0,1.0,İzmir,Premium,0
98,37.0,640.97,26.0,3.0,İstanbul,Temel,0
99,38.0,631.82,2.0,3.0,Adana,Temel,1
100,65.0,429.57,45.0,1.0,Antalya,Standart,0
101,32.0,689.62,19.0,2.0,Eskişehir,Temel,0
102,23.0,356.76,56.0,1.0,Adana,Temel,0
103,23.0,457.47,45.0,2.0,Antalya,Standart,0
104,,25000.0,15.0,6.0,Bursa,Premium,1
105,24.0,,27.0,0.0,Eskişehir,Standart,0
106,42.0,467.53,800.0,2.0,Ankara,,0
107,57.0,310.24,30.0,2.0,Antalya,Standart,0
108,55.0,294.13,18.0,1.0,Eskişehir,Standart,0
109,64.0,521.31,32.0,4.0,Antalya,Premium,0
110,25.0,781.88,45.0,3.0,Antalya,Premium,0
111,200.0,394.71,9.0,4.0,İstanbul,Standart,1
112,22.0,391.79,17.0,2.0,İstanbul,Standart,0
113,41.0,399.01,12.0,5.0,Ankara,Premium,1
114,53.0,310.02,40.0,1.0,İstanbul,Standart,0
115,,667.99,27.0,1.0,İstanbul,Standart,0
116,52.0,461.86,51.0,2.0,Antalya,Standart,0
117,21.0,516.34,38.0,0.0,Bursa,Temel,0
118,36.0,,29.0,2.0,İzmir,Premium,0
119,,,35.0,2.0,Adana,,0
120,64.0,,36.0,5.0,Ankara,Premium,0
121,21.0,498.89,13.0,3.0,Ankara,Temel,0
122,64.0,564.84,35.0,1.0,Eskişehir,Standart,0
123,55.0,,32.0,4.0,Ankara,Standart,1
124,47.0,578.91,13.0,2.0,Antalya,Premium,0
125,,352.83,31.0,1.0,Antalya,Temel,0
126,39.0,601.39,3.0,1.0,Bursa,Premium,1
127,39.0,454.85,44.0,2.0,İstanbul,,0
128,8.0,750.81,18.0,4.0,Bursa,Temel,1
129,41.0,799.33,45.0,3.0,,Standart,0
130,61.0,439.86,42.0,1.0,Bursa,Temel,0
131,48.0,741.14,10.0,3.0,Bursa,Temel,1
132,54.0,735.34,33.0,2.0,Eskişehir,Standart,1
133,25.0,717.51,15.0,3.0,Bursa,Temel,0
134,38.0,416.01,48.0,1.0,Eskişehir,Standart,1
135,45.0,331.23,7.0,2.0,Eskişehir,Standart,0
136,29.0,253.52,52.0,1.0,Ankara,Premium,0
137,23.0,328.26,51.0,2.0,,Standart,1
138,67.0,516.34,47.0,75.0,Eskişehir,Standart,0
139,40.0,517.43,45.0,5.0,Ankara,Temel,0
140,43.0,311.93,42.0,0.0,İstanbul,Standart,0
141,36.0,595.93,16.0,2.0,Antalya,Temel,0
142,31.0,471.56,32.0,5.0,İzmir,Temel,1
143,56.0,695.6,46.0,0.0,Eskişehir,Temel,0
144,21.0,695.19,48.0,3.0,Antalya,Standart,0
145,32.0,592.11,59.0,3.0,Ankara,Premium,0
146,67.0,85000.0,21.0,0.0,İstanbul,Temel,1
147,41.0,416.11,4.0,1.0,Adana,Standart,1
148,31.0,351.63,30.0,1.0,Adana,Temel,0
149,65.0,593.12,5.0,2.0,Antalya,Temel,1
150,67.0,633.8,48.0,1.0,Eskişehir,Temel,0
151,,,43.0,2.0,Eskişehir,Temel,0
152,38.0,869.75,23.0,1.0,Adana,Temel,1
153,18.0,570.96,19.0,3.0,İzmir,Temel,0
154,65.0,778.79,6.0,0.0,İstanbul,Premium,0
155,68.0,430.23,18.0,0.0,İzmir,Premium,0
156,47.0,629.87,46.0,3.0,Bursa,Standart,0
157,29.0,382.72,5.0,2.0,İzmir,Temel,0
158,58.0,298.61,20.0,2.0,Adana,Standart,1
159,45.0,437.58,45.0,1.0,İstanbul,Premium,0
160,63.0,557.65,8.0,1.0,Eskişehir,Standart,0
161,51.0,60000.0,53.0,,Antalya,Temel,1
162,42.0,,47.0,4.0,Eskişehir,Temel,1
163,54.0,583.74,7.0,1.0,Eskişehir,Standart,1
164,56.0,,47.0,3.0,Eskişehir,Premium,1
165,27.0,394.19,59.0,3.0,Antalya,Standart,0
166,21.0,353.15,43.0,2.0,Eskişehir,Standart,0
167,61.0,326.81,39.0,2.0,Bursa,Temel,0
168,,451.01,500.0,0.0,Antalya,Temel,1
169,33.0,639.73,42.0,2.0,Antalya,Standart,1
170,22.0,311.01,41.0,1.0,İzmir,Standart,0
171,22.0,458.19,58.0,2.0,Eskişehir,Standart,0
172,54.0,525.89,2.0,2.0,Bursa,Premium,0
173,36.0,571.04,13.0,1.0,Bursa,Premium,1
174,69.0,577.45,41.0,3.0,Ankara,Premium,0
175,32.0,410.8,43.0,0.0,,,0
176,46.0,454.84,14.0,2.0,Antalya,Standart,0
177,35.0,,14.0,2.0,İzmir,Premium,0
178,41.0,615.71,31.0,3.0,Bursa,Temel,0
179,64.0,,10.0,2.0,,Temel,0
180,34.0,402.77,25.0,6.0,Bursa,Temel,1
181,24.0,182.82,58.0,3.0,İstanbul,Temel,1
182,25.0,488.15,49.0,1.0,Adana,Premium,0
183,38.0,936.9,47.0,4.0,Ankara,Standart,0
184,28.0,355.3,55.0,2.0,Bursa,Standart,0
185,60.0,369.66,48.0,1.0,İzmir,Temel,0
186,50.0,192.95,49.0,2.0,İzmir,Premium,1
187,61.0,396.72,39.0,2.0,Adana,Temel,0
188,,553.19,50.0,1.0,Eskişehir,Standart,0
189,57.0,708.8,23.0,,İzmir,Premium,1
190,63.0,738.7,22.0,3.0,Adana,Standart,1
191,41.0,455.22,37.0,4.0,İstanbul,Temel,0
192,40.0,,32.0,0.0,Bursa,Temel,0
193,39.0,473.05,23.0,0.0,Bursa,Standart,0
194,44.0,657.01,26.0,2.0,Eskişehir,Standart,1
195,30.0,460.55,56.0,3.0,İstanbul,Premium,0
196,20.0,666.35,1.0,3.0,Eskişehir,Temel,0
197,58.0,424.69,47.0,0.0,Adana,Temel,0
198,35.0,671.21,57.0,3.0,Eskişehir,Standart,0
199,19.0,434.51,25.0,1.0,Antalya,Standart,1
200,43.0,,44.0,3.0,Eskişehir,Standart,0
201,20.0,315.69,52.0,1.0,İstanbul,Temel,0
202,34.0,397.63,52.0,3.0,Eskişehir,Temel,1
203,68.0,383.4,28.0,2.0,Ankara,Temel,0
204,20.0,394.59,52.0,4.0,İstanbul,Premium,0
205,42.0,,38.0,5.0,İstanbul,,0
206,33.0,620.57,31.0,0.0,Antalya,Premium,0
207,47.0,512.54,28.0,4.0,İzmir,Premium,0
208,,499.87,41.0,3.0,Ankara,Standart,1
209,46.0,651.53,45.0,2.0,İstanbul,Standart,0
210,60.0,316.38,26.0,2.0,Adana,Premium,0
211,40.0,,18.0,3.0,Adana,Standart,1
212,66.0,523.49,16.0,1.0,Antalya,Standart,0
213,38.0,574.54,47.0,3.0,Antalya,Standart,0
214,43.0,630.63,15.0,0.0,Ankara,Standart,1
215,51.0,524.93,3.0,0.0,İstanbul,Premium,0
216,64.0,455.31,26.0,3.0,Antalya,Temel,1
217,,389.45,20.0,2.0,Eskişehir,Standart,1
218,26.0,286.67,27.0,-5.0,Ankara,Standart,0
219,34.0,522.16,6.0,1.0,İzmir,,1
220,47.0,389.78,27.0,0.0,Bursa,Temel,0
221,18.0,308.77,8.0,1.0,İzmir,Standart,0
222,62.0,501.03,19.0,3.0,İzmir,Standart,1
223,58.0,390.9,35.0,0.0,İzmir,Temel,0
224,57.0,395.86,28.0,3.0,Bursa,Standart,1
225,34.0,469.96,47.0,4.0,,Standart,0
226,56.0,206.29,1.0,2.0,İstanbul,Temel,1
227,63.0,796.44,50.0,1.0,İzmir,Temel,0
228,57.0,989.19,52.0,1.0,İstanbul,Standart,0
229,57.0,383.54,6.0,2.0,Antalya,Temel,1
230,53.0,436.98,20.0,3.0,Bursa,Temel,0
231,-50.0,456.68,40.0,2.0,Ankara,Standart,1
232,49.0,758.35,41.0,0.0,Eskişehir,Temel,0
233,12.0,385.27,59.0,5.0,Adana,Standart,1
234,26.0,619.92,9.0,3.0,Bursa,Standart,1
235,29.0,,14.0,1.0,Adana,Temel,0
236,30.0,459.24,35.0,3.0,Adana,Temel,0
237,33.0,474.75,37.0,4.0,İzmir,Temel,1
238,67.0,385.08,43.0,2.0,Eskişehir,Temel,0
239,68.0,,15.0,2.0,Antalya,Standart,0
240,65.0,431.54,6.0,4.0,Adana,Standart,1
241,40.0,638.11,56.0,1.0,Antalya,Standart,1
242,55.0,627.58,59.0,4.0,Antalya,Standart,1
243,20.0,271.34,46.0,,Eskişehir,Temel,1
244,56.0,,21.0,4.0,Adana,Temel,1
245,60.0,523.24,18.0,1.0,İstanbul,Standart,1
246,19.0,256.01,32.0,3.0,İzmir,,1
247,,599.28,44.0,6.0,Eskişehir,Temel,1
248,55.0,,17.0,0.0,Eskişehir,Standart,0
249,53.0,653.74,35.0,2.0,Ankara,Temel,0
250,60.0,683.27,56.0,0.0,Bursa,Premium,0
251,69.0,496.65,36.0,1.0,İstanbul,Premium,0
252,55.0,473.22,8.0,2.0,Antalya,Temel,0
253,62.0,515.72,47.0,2.0,İzmir,Temel,0
254,68.0,298.99,57.0,2.0,Bursa,Temel,0
255,62.0,368.39,34.0,7.0,İstanbul,Standart,1
256,67.0,322.69,24.0,1.0,Ankara,Premium,0
257,49.0,553.13,47.0,500.0,Ankara,Premium,0
258,33.0,382.97,6.0,,Bursa,Standart,1
259,250.0,120000.0,26.0,,İstanbul,Temel,0
260,21.0,451.96,50.0,3.0,Antalya,Temel,1
261,27.0,599.25,30.0,4.0,Adana,Temel,1
262,47.0,454.6,45.0,4.0,İstanbul,Standart,1
263,,540.35,12.0,4.0,Adana,Standart,1
264,53.0,358.23,40.0,0.0,Adana,Standart,0
265,58.0,553.95,41.0,3.0,İzmir,Temel,1
266,42.0,448.7,19.0,5.0,İzmir,Temel,1
267,48.0,778.16,32.0,2.0,Eskişehir,Temel,0
268,57.0,493.28,16.0,4.0,Eskişehir,Standart,1
269,40.0,555.19,26.0,2.0,Adana,Temel,0
270,35.0,575.35,34.0,1.0,İstanbul,Temel,0
271,22.0,597.54,48.0,1.0,Eskişehir,Temel,1
272,35.0,590.72,10.0,3.0,İzmir,Temel,0
273,36.0,356.32,5.0,0.0,Eskişehir,Premium,0
274,37.0,691.03,50.0,5.0,İstanbul,Temel,1
275,36.0,528.69,3.0,2.0,İzmir,Standart,1
276,25.0,761.56,50.0,3.0,İstanbul,Standart,0
277,21.0,627.74,10.0,3.0,Ankara,Standart,0
278,52.0,522.06,11.0,2.0,Eskişehir,Temel,0
279,30.0,544.19,32.0,1.0,Ankara,Premium,0
280,48.0,575.14,57.0,2.0,İzmir,Premium,0
281,38.0,288.17,25.0,1.0,İstanbul,Temel,1
282,23.0,,51.0,3.0,Adana,Temel,0
283,27.0,609.29,41.0,2.0,Adana,Standart,0
284,52.0,400.31,27.0,3.0,İstanbul,Standart,1
285,23.0,112.97,49.0,4.0,Ankara,Standart,0
286,43.0,370.57,37.0,3.0,İstanbul,Temel,0
287,32.0,202.71,38.0,2.0,İzmir,Standart,0
288,46.0,229.42,30.0,5.0,İstanbul,Premium,1
289,28.0,425.19,9.0,1.0,İzmir,Standart,1
290,29.0,482.55,47.0,1.0,Bursa,Temel,0
291,51.0,669.83,35.0,1.0,Ankara,Standart,0
292,27.0,663.0,27.0,0.0,Ankara,Temel,0
293,61.0,387.72,27.0,1.0,Ankara,Standart,0
294,38.0,543.8,18.0,3.0,Adana,Premium,0
295,36.0,513.92,15.0,4.0,Antalya,Temel,1
296,48.0,694.47,52.0,1.0,Antalya,Temel,0
297,21.0,329.45,7.0,3.0,Antalya,Standart,1
298,64.0,582.66,34.0,1.0,Adana,Temel,1
299,47.0,746.27,42.0,0.0,Eskişehir,Standart,0
300,65.0,570.33,51.0,3.0,İzmir,Temel,0
301,66.0,501.58,37.0,4.0,Bursa,Temel,0
302,45.0,499.31,31.0,2.0,Eskişehir,Temel,0
303,35.0,281.05,17.0,5.0,Antalya,Standart,1
304,25.0,360.14,6.0,2.0,Eskişehir,Standart,1
305,43.0,492.08,30.0,4.0,Ankara,Temel,1
306,64.0,281.71,900.0,2.0,Ankara,Premium,0
307,48.0,596.77,50.0,3.0,Antalya,Premium,1
308,56.0,245.05,43.0,1.0,Eskişehir,Premium,0
309,39.0,382.45,47.0,3.0,İzmir,Temel,1
310,47.0,740.64,17.0,3.0,Ankara,Standart,0
311,24.0,636.46,47.0,2.0,Ankara,Standart,1
312,65.0,434.17,1200.0,1.0,Bursa,Standart,0
313,,762.54,7.0,2.0,Antalya,Temel,0
314,24.0,-50.0,45.0,2.0,Bursa,Temel,1
315,29.0,747.48,34.0,3.0,Ankara,Temel,0
316,51.0,282.79,39.0,2.0,Eskişehir,Temel,1
317,,,17.0,1.0,Adana,Standart,0
318,52.0,588.7,53.0,2.0,İzmir,Temel,0
319,57.0,299.17,42.0,2.0,Eskişehir,Temel,0
320,50.0,622.73,6.0,2.0,Eskişehir,Temel,0
321,41.0,471.36,34.0,3.0,Bursa,Premium,1
322,32.0,428.57,10.0,2.0,Ankara,Temel,1
323,66.0,752.3,9.0,2.0,Bursa,Premium,0
324,39.0,482.9,6.0,4.0,Ankara,Premium,1
325,44.0,428.44,-50.0,1.0,Bursa,Premium,0
326,32.0,347.43,57.0,0.0,Bursa,,1
327,66.0,461.58,1000.0,2.0,Adana,Premium,1
328,,540.24,58.0,2.0,Eskişehir,Standart,0
329,19.0,603.74,17.0,3.0,İstanbul,Temel,0
330,24.0,285.31,54.0,1.0,Bursa,Temel,0
331,,149.31,12.0,4.0,İstanbul,Temel,0
332,63.0,496.2,59.0,3.0,Antalya,,0
333,50.0,534.9,4.0,0.0,Bursa,Standart,0
334,50.0,359.81,11.0,4.0,Bursa,Standart,1
335,49.0,487.97,16.0,2.0,İzmir,Standart,0
336,59.0,513.64,36.0,2.0,Antalya,Premium,1
337,60.0,616.57,51.0,1.0,Ankara,Premium,0
338,,90000.0,49.0,0.0,İstanbul,Temel,1
339,41.0,410.9,21.0,2.0,Antalya,Temel,0
340,40.0,932.66,31.0,0.0,İzmir,Standart,0
341,64.0,405.12,4.0,3.0,Bursa,,0
342,48.0,595.63,40.0,1.0,Antalya,Temel,0
343,64.0,811.02,46.0,200.0,Ankara,Standart,0
344,57.0,266.89,47.0,2.0,Bursa,Standart,0
345,25.0,457.79,41.0,2.0,Ankara,Premium,0
346,42.0,283.21,54.0,3.0,Bursa,Standart,1
347,59.0,514.0,13.0,2.0,İzmir,Temel,0
348,54.0,701.78,12.0,2.0,Adana,Temel,1
349,49.0,552.61,44.0,0.0,Adana,Temel,0
350,34.0,522.94,46.0,0.0,İstanbul,Temel,0
351,41.0,273.33,2.0,0.0,İstanbul,Premium,0
352,40.0,737.18,7.0,4.0,İzmir,Temel,0
353,50.0,623.77,52.0,3.0,İzmir,Standart,0
354,21.0,,17.0,1.0,Bursa,Temel,0
355,30.0,,41.0,3.0,İzmir,Standart,0
356,25.0,,16.0,0.0,İzmir,Temel,1
357,27.0,270.92,15.0,1.0,Bursa,Standart,1
358,41.0,626.11,45.0,0.0,Adana,Standart,0
359,68.0,576.19,6.0,5.0,İstanbul,Temel,0
360,49.0,758.85,21.0,1.0,Bursa,Standart,0
361,57.0,523.02,5.0,1.0,Eskişehir,Standart,1
362,,700.78,16.0,,İzmir,Standart,1
363,18.0,669.24,31.0,4.0,,Premium,1
364,42.0,45000.0,29.0,4.0,İzmir,Standart,0
365,30.0,691.1,14.0,1.0,İzmir,Standart,1
366,47.0,377.87,35.0,,Ankara,Premium,0
367,37.0,631.53,-20.0,2.0,Ankara,Standart,1
368,49.0,700.45,20.0,1.0,Ankara,Temel,1
369,65.0,-1000.0,34.0,0.0,Adana,Standart,0
370,22.0,562.33,44.0,2.0,Antalya,Temel,0
371,,515.29,46.0,2.0,Antalya,Standart,0
372,,172.76,10.0,2.0,Bursa,Standart,1
373,25.0,260.88,2.0,2.0,Adana,Temel,0
374,58.0,540.92,31.0,3.0,İzmir,,0
375,67.0,593.47,57.0,3.0,Ankara,Premium,1
376,27.0,486.73,17.0,3.0,Bursa,Standart,1
377,40.0,64.34,57.0,7.0,Eskişehir,,1
378,32.0,628.4,7.0,2.0,İstanbul,Temel,1
379,,664.74,49.0,2.0,,Standart,0
380,51.0,407.16,33.0,1.0,Adana,,0
381,56.0,512.84,35.0,5.0,Adana,,1
382,43.0,555.43,32.0,5.0,Bursa,Premium,1
383,58.0,568.19,51.0,,Eskişehir,Premium,0
384,35.0,571.9,17.0,2.0,Eskişehir,Premium,0
385,62.0,169.82,54.0,3.0,İstanbul,Standart,1
386,50.0,,24.0,2.0,İstanbul,Temel,1
387,37.0,350.1,41.0,3.0,İzmir,Standart,0
388,51.0,,42.0,2.0,Adana,Premium,0
389,57.0,,50.0,0.0,,Temel,1
390,58.0,481.42,21.0,0.0,İzmir,Premium,0
391,45.0,412.59,41.0,0.0,Eskişehir,Standart,0
392,65.0,480.52,23.0,3.0,İstanbul,Temel,0
393,31.0,493.19,29.0,2.0,İstanbul,Standart,0
394,,415.16,42.0,1.0,Adana,Temel,0
395,33.0,538.58,6.0,5.0,Eskişehir,Temel,0
396,46.0,383.37,58.0,3.0,Adana,,0
397,36.0,343.47,45.0,1.0,Eskişehir,Temel,0
398,48.0,416.02,22.0,0.0,Bursa,Premium,1
399,66.0,,56.0,0.0,İstanbul,,0
400,19.0,586.02,46.0,1.0,İzmir,Temel,0
401,58.0,509.93,45.0,1.0,Adana,Temel,0
402,62.0,232.53,45.0,0.0,Adana,Temel,0
403,36.0,580.3,58.0,2.0,,,0
404,52.0,432.35,12.0,2.0,Bursa,Standart,0
405,23.0,470.79,33.0,1.0,İzmir,Standart,0
406,64.0,,30.0,,Antalya,Temel,1
407,37.0,,35.0,4.0,İzmir,Temel,1
408,45.0,674.27,16.0,1.0,Bursa,Premium,0
409,44.0,788.92,54.0,2.0,Bursa,Temel,0
410,38.0,399.39,15.0,2.0,Ankara,Standart,1
411,41.0,,31.0,1.0,İzmir,,0
412,69.0,224.35,20.0,1.0,Antalya,Standart,1
413,69.0,483.67,17.0,80.0,İstanbul,,0
414,38.0,366.73,44.0,,İstanbul,Temel,0
415,35.0,666.95,47.0,2.0,Antalya,Premium,0
416,18.0,341.01,22.0,0.0,Eskişehir,Premium,0
417,62.0,326.99,27.0,0.0,İstanbul,Temel,1
418,22.0,641.59,19.0,5.0,Ankara,Temel,1
419,69.0,743.97,50.0,0.0,Adana,Premium,0
420,145.0,892.93,15.0,1.0,Ankara,Temel,1
421,28.0,267.39,30.0,2.0,Eskişehir,Temel,1
422,36.0,589.65,1.0,2.0,Ankara,Premium,1
423,55.0,658.67,28.0,3.0,Adana,Temel,1
424,,547.86,54.0,4.0,İzmir,Temel,1
425,27.0,511.23,57.0,3.0,Eskişehir,Premium,0
426,23.0,445.12,2.0,3.0,İstanbul,Standart,0
427,55.0,535.2,48.0,1.0,,Temel,1
428,65.0,574.05,35.0,4.0,Ankara,Temel,1
429,53.0,757.19,56.0,2.0,Eskişehir,Premium,0
430,33.0,423.37,28.0,5.0,Adana,Standart,0
431,58.0,461.94,55.0,1.0,Bursa,Standart,0
432,60.0,421.6,4.0,2.0,Antalya,Temel,0
433,25.0,521.66,4.0,4.0,Bursa,Temel,0
434,55.0,544.7,1.0,3.0,Eskişehir,Temel,1
435,64.0,625.1,11.0,,Bursa,Temel,1
436,25.0,403.38,45.0,2.0,Bursa,Temel,0
437,45.0,484.2,52.0,2.0,İstanbul,Temel,1
438,51.0,693.69,37.0,1.0,Ankara,Standart,0
439,54.0,567.95,12.0,2.0,İzmir,Temel,1
440,61.0,665.59,31.0,0.0,Antalya,Standart,1
441,45.0,847.52,47.0,2.0,Adana,Temel,0
442,20.0,354.98,6.0,2.0,Adana,Temel,1
443,21.0,546.42,30.0,2.0,Adana,Temel,0
444,24.0,450.4,24.0,2.0,İstanbul,Temel,0
445,59.0,326.43,4.0,1.0,İzmir,Standart,1
446,21.0,724.34,11.0,3.0,,Standart,0
447,26.0,500.48,5.0,5.0,Ankara,Temel,1
448,42.0,501.95,17.0,1.0,İzmir,Temel,0
449,21.0,496.27,20.0,3.0,Eskişehir,Temel,0
450,29.0,446.93,4.0,3.0,İzmir,Standart,0
451,23.0,,55.0,1.0,,Temel,0
452,,590.8,54.0,1.0,Ankara,Temel,0
453,46.0,452.4,48.0,3.0,Bursa,Temel,0
454,38.0,419.61,7.0,2.0,Ankara,Temel,0
455,59.0,,56.0,3.0,Adana,Standart,0
456,33.0,567.38,59.0,3.0,Eskişehir,Standart,0
457,27.0,376.01,49.0,4.0,Bursa,Premium,1
458,23.0,602.33,33.0,1.0,Eskişehir,Standart,0
459,51.0,236.06,38.0,1.0,Bursa,Temel,0
460,45.0,594.07,28.0,3.0,Antalya,Temel,0
461,69.0,,12.0,0.0,Antalya,Temel,1
462,63.0,586.4,42.0,2.0,Adana,Standart,0
463,56.0,,13.0,2.0,Bursa,Standart,0
464,33.0,436.9,4.0,,Adana,Standart,1
465,60.0,373.54,35.0,1.0,Adana,Temel,0
466,26.0,407.27,54.0,,Ankara,Temel,0
467,21.0,528.74,44.0,2.0,İzmir,Temel,0
468,42.0,521.55,4.0,,Bursa,Standart,1
469,26.0,494.77,42.0,0.0,Eskişehir,Temel,0
470,65.0,487.52,23.0,1.0,Eskişehir,Premium,1
471,59.0,384.58,16.0,2.0,İstanbul,Standart,0
472,42.0,,25.0,,Ankara,Premium,0
473,69.0,315.15,21.0,6.0,Antalya,Temel,1
474,47.0,139.71,55.0,2.0,Adana,Temel,0
475,46.0,697.2,8.0,3.0,Antalya,Standart,1
476,,710.48,56.0,1.0,İzmir,Temel,0
477,,493.23,27.0,4.0,Bursa,Premium,0
478,66.0,302.82,3.0,0.0,Ankara,Premium,0
479,23.0,450.09,28.0,0.0,Ankara,Standart,0
480,60.0,295.94,57.0,0.0,,Temel,0
481,20.0,568.38,45.0,3.0,İzmir,Standart,0
482,36.0,563.22,50.0,1.0,İstanbul,Temel,1
483,20.0,714.82,13.0,3.0,İzmir,Temel,1
484,42.0,231.59,28.0,2.0,İstanbul,Standart,0
485,32.0,709.73,3.0,0.0,Antalya,Temel,0
486,32.0,448.25,32.0,1.0,İstanbul,Premium,0
487,64.0,626.71,11.0,2.0,Bursa,Premium,1
488,32.0,424.2,3.0,3.0,Ankara,Standart,1
489,45.0,480.24,47.0,0.0,Eskişehir,Temel,0
490,22.0,652.67,56.0,1.0,İzmir,,0
491,39.0,,53.0,3.0,Eskişehir,Premium,0
492,56.0,670.43,3.0,2.0,Adana,Standart,0
493,60.0,454.53,21.0,0.0,Adana,Standart,0
494,48.0,530.13,54.0,0.0,İzmir,Standart,0
495,-20.0,356.09,5.0,0.0,Ankara,Premium,0
496,,567.96,16.0,1.0,Eskişehir,Standart,1
497,19.0,318.61,42.0,1.0,İzmir,Premium,0
498,47.0,467.92,28.0,1.0,Adana,Premium,0
499,,492.63,2.0,3.0,İstanbul,Temel,1
500,55.0,579.59,8.0,2.0,Eskişehir,,0
501,41.0,436.04,17.0,2.0,Antalya,Temel,1
502,20.0,676.91,24.0,3.0,Antalya,Temel,0
503,34.0,598.92,23.0,0.0,Antalya,Temel,1
504,,531.74,12.0,1.0,Adana,Standart,0
505,43.0,568.45,33.0,100.0,Antalya,Standart,1
506,53.0,222.27,18.0,1.0,Bursa,Premium,0
507,48.0,471.43,48.0,1.0,İzmir,Temel,1
508,59.0,724.57,27.0,0.0,Adana,Standart,0
509,26.0,358.95,5.0,1.0,Bursa,Standart,1
510,63.0,475.96,3.0,2.0,Adana,Temel,1
511,44.0,429.35,59.0,0.0,Adana,Standart,0
512,41.0,406.14,41.0,2.0,İstanbul,Standart,0
513,19.0,365.21,42.0,,Antalya,Standart,0
514,43.0,,20.0,1.0,Ankara,Temel,0
515,24.0,603.03,39.0,1.0,Adana,Standart,0
516,,228.87,42.0,2.0,,Temel,0
517,46.0,411.32,32.0,1.0,Eskişehir,Temel,0
518,34.0,650.76,34.0,2.0,İstanbul,Premium,0
519,67.0,556.08,33.0,1.0,Adana,Temel,0
520,49.0,552.62,54.0,-1.0,İstanbul,Standart,0
521,59.0,421.91,55.0,0.0,,Temel,0
522,29.0,534.79,28.0,,İzmir,Premium,1
523,40.0,459.9,50.0,2.0,Ankara,Standart,0
524,33.0,701.65,14.0,1.0,İstanbul,Temel,0
525,49.0,656.71,40.0,2.0,İstanbul,Standart,0
526,,479.14,52.0,4.0,Ankara,Temel,0
527,37.0,629.36,22.0,1.0,İstanbul,Premium,0
528,23.0,493.3,39.0,1.0,Eskişehir,Temel,0
529,19.0,400.84,-5.0,0.0,İzmir,Temel,0
530,31.0,370.6,49.0,1.0,İzmir,Standart,0
531,66.0,546.34,2.0,2.0,Eskişehir,Temel,1
532,41.0,641.98,12.0,3.0,Eskişehir,Temel,0
533,,349.08,57.0,1.0,Antalya,Premium,1
534,24.0,462.59,9.0,2.0,Eskişehir,,1
535,23.0,415.56,6.0,1.0,Ankara,,1
536,21.0,503.85,6.0,1.0,Eskişehir,Temel,1
537,59.0,486.69,5.0,2.0,Adana,Temel,0
538,30.0,468.78,31.0,0.0,Bursa,Premium,0
539,44.0,540.08,18.0,3.0,Ankara,Standart,1
540,50.0,527.51,47.0,4.0,Antalya,Temel,1
541,41.0,,36.0,1.0,Bursa,Premium,1
542,28.0,480.41,1.0,3.0,Antalya,Temel,1
543,53.0,555.54,24.0,2.0,Eskişehir,Temel,0
544,58.0,494.5,9.0,3.0,Bursa,Premium,0
545,65.0,470.06,41.0,1.0,Bursa,Standart,1
546,,668.87,15.0,4.0,Eskişehir,Temel,1
547,18.0,602.62,55.0,2.0,İzmir,Standart,1
548,49.0,669.36,8.0,0.0,Adana,,0
549,21.0,560.77,33.0,2.0,Bursa,Standart,0
550,42.0,324.55,33.0,2.0,,Premium,0
551,56.0,500.22,48.0,2.0,Adana,Standart,1
552,47.0,614.83,39.0,1.0,Antalya,Premium,0
553,49.0,252.18,17.0,1.0,,Temel,1
554,42.0,,7.0,1.0,Adana,Standart,0
555,27.0,501.93,19.0,4.0,İzmir,Standart,1
556,49.0,756.14,4.0,2.0,Adana,Premium,0
557,31.0,428.93,19.0,2.0,Bursa,Standart,1
558,53.0,340.48,43.0,1.0,Bursa,Temel,0
559,62.0,501.22,36.0,0.0,Ankara,Standart,0
560,65.0,375.85,31.0,2.0,Ankara,Standart,0
561,130.0,646.49,29.0,,Bursa,Temel,0
562,35.0,,10.0,2.0,Adana,Standart,1
563,68.0,392.57,45.0,2.0,İstanbul,Temel,1
564,40.0,531.72,13.0,50.0,Antalya,Premium,0
565,,661.43,28.0,3.0,Bursa,,1
566,54.0,437.02,5.0,3.0,Ankara,Temel,0
567,40.0,,50.0,2.0,Adana,Temel,0
568,51.0,,19.0,2.0,Bursa,Standart,1
569,69.0,496.59,48.0,2.0,İzmir,Temel,0
570,58.0,323.45,44.0,1.0,Eskişehir,Premium,0
571,56.0,440.24,51.0,,İzmir,Premium,0
572,46.0,533.67,50.0,3.0,İstanbul,Temel,0
573,22.0,500.47,38.0,3.0,Ankara,Temel,0
574,62.0,690.44,42.0,2.0,Eskişehir,,0
575,55.0,556.83,21.0,0.0,Adana,Temel,0
576,,494.02,16.0,3.0,,Temel,0
577,30.0,603.15,33.0,4.0,Bursa,Temel,1
578,44.0,307.52,35.0,3.0,Ankara,Premium,1
579,20.0,582.63,40.0,1.0,Ankara,Temel,1
580,25.0,438.52,20.0,0.0,Bursa,Temel,0
581,55.0,462.83,23.0,3.0,İzmir,Standart,0
582,62.0,526.64,47.0,3.0,İstanbul,Standart,0
583,67.0,50000.0,41.0,0.0,Ankara,Premium,0
584,30.0,808.29,30.0,2.0,Ankara,Temel,0
585,52.0,537.31,37.0,3.0,İstanbul,Standart,1
586,21.0,599.93,26.0,2.0,Adana,Temel,0
587,,453.0,1.0,0.0,İstanbul,Standart,1
588,45.0,652.57,36.0,5.0,Bursa,Temel,1
589,61.0,377.47,32.0,1.0,Bursa,Standart,0
590,25.0,436.9,25.0,2.0,Adana,Temel,0
591,60.0,585.96,42.0,2.0,Bursa,Temel,0
592,20.0,,31.0,4.0,Antalya,Temel,1
593,27.0,559.03,45.0,2.0,,Premium,0
594,23.0,490.41,19.0,1.0,Antalya,Temel,1
595,44.0,526.09,43.0,1.0,Adana,Standart,1
596,20.0,687.44,43.0,1.0,Antalya,Standart,1
597,40.0,477.15,3.0,1.0,İstanbul,Temel,1
598,65.0,756.1,56.0,2.0,İstanbul,Premium,1
599,45.0,661.7,42.0,3.0,Eskişehir,Standart,0
600,64.0,470.19,11.0,4.0,İzmir,Premium,0
601,32.0,358.14,24.0,3.0,Adana,Temel,1
602,28.0,251.21,14.0,2.0,Eskişehir,Standart,0
603,21.0,,27.0,300.0,Eskişehir,Temel,0
604,48.0,215.23,11.0,,,Premium,1
605,54.0,712.74,37.0,3.0,Antalya,Standart,0
606,59.0,463.92,18.0,0.0,Adana,Premium,0
607,36.0,364.7,5.0,150.0,İzmir,Temel,0
608,55.0,481.99,51.0,2.0,Ankara,Temel,0
609,63.0,354.11,37.0,2.0,İzmir,Standart,0
610,36.0,584.38,52.0,4.0,Bursa,Standart,0
611,65.0,451.04,1.0,2.0,İzmir,Standart,0
612,20.0,202.13,4.0,2.0,Ankara,Premium,0
613,51.0,506.3,30.0,2.0,Adana,Standart,0
614,38.0,508.58,3.0,4.0,İstanbul,Temel,0
615,27.0,674.45,31.0,3.0,Bursa,,0
616,41.0,272.55,31.0,6.0,İzmir,Temel,1
617,58.0,532.36,17.0,2.0,,Temel,1
618,31.0,573.1,7.0,1.0,Ankara,Temel,1
619,56.0,,16.0,4.0,Antalya,Standart,0
620,49.0,319.68,37.0,1.0,Adana,Standart,0
621,34.0,460.91,34.0,2.0,Bursa,Temel,0
622,56.0,367.35,53.0,4.0,Ankara,Standart,1
623,41.0,,39.0,2.0,Ankara,Temel,0
624,26.0,317.72,13.0,4.0,Adana,Premium,1
625,32.0,587.18,53.0,0.0,Antalya,Temel,0
626,66.0,384.56,26.0,2.0,,Standart,0
627,37.0,584.6,30.0,0.0,Ankara,Premium,1
628,44.0,678.29,8.0,2.0,Eskişehir,Standart,0
629,59.0,266.01,28.0,4.0,Bursa,Standart,0
630,,589.94,46.0,5.0,İstanbul,,0
631,32.0,596.24,18.0,2.0,İstanbul,,0
632,60.0,470.4,45.0,2.0,Eskişehir,Temel,0
633,62.0,671.6,14.0,5.0,Antalya,Temel,0
634,24.0,394.89,54.0,3.0,Adana,Temel,0
635,47.0,574.48,56.0,0.0,İzmir,Standart,1
636,60.0,563.02,26.0,2.0,Ankara,Temel,1
637,40.0,243.14,25.0,2.0,Bursa,Temel,0
638,21.0,650.97,23.0,2.0,,Standart,0
639,26.0,346.55,5.0,2.0,Eskişehir,,1
640,55.0,,48.0,1.0,Eskişehir,Temel,0
641,65.0,631.99,5.0,0.0,,Temel,0
642,24.0,497.99,54.0,,Eskişehir,Premium,0
643,400.0,528.12,11.0,1.0,Eskişehir,Temel,1
644,23.0,406.63,10.0,6.0,Ankara,Standart,1
645,58.0,360.84,41.0,1.0,Eskişehir,Temel,0
646,42.0,426.5,17.0,2.0,Antalya,Standart,1
647,30.0,,33.0,2.0,İzmir,Standart,0
648,24.0,353.49,43.0,4.0,Bursa,Standart,0
649,23.0,485.84,43.0,3.0,Eskişehir,Premium,0
650,36.0,546.6,51.0,3.0,Bursa,Temel,0
651,26.0,567.95,25.0,2.0,İstanbul,Premium,0
652,61.0,351.85,58.0,1.0,Eskişehir,Temel,1
653,63.0,713.21,36.0,0.0,Ankara,Standart,0
654,46.0,325.84,47.0,2.0,Ankara,Premium,0
655,65.0,471.27,28.0,2.0,Eskişehir,Temel,0
656,39.0,456.28,24.0,1.0,Adana,Premium,0
657,60.0,748.89,5.0,2.0,İzmir,Standart,0
658,62.0,552.02,12.0,1.0,İstanbul,Standart,1
659,57.0,,27.0,4.0,Antalya,Standart,0
660,56.0,385.07,49.0,2.0,İstanbul,Temel,0
661,59.0,341.89,55.0,4.0,Adana,Premium,1
662,,658.98,35.0,1.0,Bursa,Temel,0
663,34.0,704.27,50.0,2.0,,Temel,1
664,47.0,407.7,29.0,1.0,Ankara,,1
665,34.0,259.72,18.0,3.0,Ankara,Premium,0
666,55.0,619.85,33.0,2.0,Eskişehir,Standart,0
667,57.0,361.14,5.0,1.0,İzmir,Temel,0
668,59.0,-250.0,18.0,3.0,Antalya,Temel,1
669,58.0,643.31,27.0,4.0,İzmir,Premium,1
670,26.0,402.23,15.0,0.0,Adana,Premium,0
671,26.0,191.41,11.0,2.0,Ankara,Premium,0
672,40.0,423.34,25.0,5.0,Antalya,Temel,0
673,69.0,325.84,19.0,4.0,Ankara,Premium,1
674,63.0,517.25,16.0,0.0,Bursa,Standart,0
675,60.0,223.31,27.0,5.0,Eskişehir,Standart,0
676,56.0,,4.0,2.0,Ankara,Standart,0
677,56.0,399.66,18.0,5.0,Bursa,Temel,1
678,,498.27,21.0,1.0,Eskişehir,Premium,0
679,34.0,635.73,4.0,3.0,Antalya,Temel,1
680,35.0,550.81,45.0,6.0,Adana,Premium,0
681,40.0,787.61,54.0,2.0,Antalya,Temel,1
682,33.0,541.16,28.0,4.0,Ankara,Standart,1
683,36.0,387.34,50.0,2.0,Antalya,Temel,0
684,55.0,484.57,17.0,1.0,İstanbul,Premium,0
685,66.0,473.81,47.0,1.0,Adana,Temel,0
686,20.0,379.21,10.0,3.0,Eskişehir,Standart,1
687,20.0,,27.0,3.0,İzmir,Temel,0
688,49.0,548.33,40.0,0.0,Ankara,Temel,0
689,68.0,587.54,32.0,1.0,,Temel,0
690,32.0,363.58,33.0,1.0,Eskişehir,Standart,0
691,24.0,804.82,2.0,4.0,Bursa,Standart,1
692,,435.04,18.0,0.0,İstanbul,Standart,0
693,23.0,447.91,23.0,3.0,İstanbul,Temel,0
694,52.0,-100.0,24.0,-10.0,İzmir,Premium,0
695,49.0,481.7,52.0,0.0,Ankara,Temel,0
696,22.0,396.69,23.0,1.0,Eskişehir,Standart,1
697,24.0,282.19,24.0,0.0,İzmir,Premium,0
698,38.0,639.64,18.0,0.0,İzmir,Temel,0
699,36.0,328.7,26.0,0.0,Bursa,Premium,1
700,20.0,623.12,27.0,1.0,İstanbul,Standart,0
701,41.0,464.2,43.0,3.0,Antalya,Temel,0
702,41.0,774.29,40.0,4.0,Bursa,Temel,0
703,63.0,230.7,1.0,4.0,Ankara,Standart,1
704,55.0,425.44,51.0,2.0,Adana,Temel,0
705,18.0,603.34,57.0,2.0,İzmir,Standart,0
706,24.0,283.16,12.0,,Adana,Temel,1
707,57.0,603.93,17.0,0.0,Eskişehir,Temel,0
708,47.0,293.49,11.0,2.0,Eskişehir,Premium,1
709,51.0,783.23,58.0,1.0,Ankara,Temel,0
710,69.0,693.54,3.0,0.0,Bursa,Temel,0
711,36.0,590.1,30.0,1.0,Antalya,Premium,0
712,18.0,581.01,28.0,2.0,Antalya,Temel,0
713,19.0,,46.0,5.0,Adana,Temel,0
714,28.0,612.85,42.0,3.0,İstanbul,Temel,0
715,40.0,272.65,3.0,1.0,,Standart,0
716,20.0,594.69,27.0,2.0,Antalya,Premium,0
717,56.0,392.98,56.0,1.0,Bursa,,0
718,30.0,560.5,37.0,0.0,Eskişehir,,0
719,51.0,797.87,45.0,0.0,Ankara,Temel,0
720,33.0,698.74,50.0,1.0,İstanbul,Temel,0
721,60.0,430.8,11.0,2.0,Bursa,Standart,0
722,25.0,249.76,51.0,2.0,Antalya,Standart,1
723,19.0,511.95,23.0,3.0,Ankara,Premium,0
724,68.0,314.1,41.0,0.0,Ankara,Standart,1
725,63.0,200000.0,20.0,,Antalya,Premium,1
726,22.0,349.8,22.0,1.0,Bursa,Temel,0
727,60.0,603.85,17.0,1.0,İstanbul,Premium,0
728,,869.38,21.0,2.0,Bursa,Temel,1
729,19.0,371.97,35.0,0.0,Ankara,Standart,0
730,23.0,647.44,3.0,1.0,Ankara,Temel,1
731,21.0,144.59,43.0,0.0,Eskişehir,Premium,0
732,46.0,562.79,21.0,1.0,İstanbul,Premium,1
733,68.0,122.35,17.0,2.0,İstanbul,Standart,1
734,1000.0,829.97,56.0,2.0,İstanbul,Premium,0
735,45.0,452.72,47.0,1.0,Bursa,Temel,0
736,69.0,512.89,42.0,2.0,İzmir,Standart,1
737,32.0,,27.0,1.0,Eskişehir,Temel,1
738,30.0,436.18,45.0,2.0,İzmir,Premium,0
739,22.0,410.21,3.0,2.0,Ankara,Premium,1
740,41.0,80.92,4.0,1.0,,Premium,0
741,31.0,293.91,23.0,2.0,Ankara,Temel,1
742,36.0,660.77,21.0,450.0,İstanbul,Premium,0
743,54.0,807.9,4.0,2.0,Eskişehir,Premium,1
744,22.0,318.63,41.0,2.0,İzmir,Temel,0
745,43.0,424.61,27.0,4.0,Antalya,,1
746,40.0,736.62,8.0,5.0,Antalya,,1
747,58.0,325.45,45.0,3.0,İstanbul,Standart,1
748,25.0,299.52,33.0,3.0,Ankara,Temel,1
749,,575.57,29.0,4.0,Antalya,Premium,0
750,20.0,658.41,18.0,1.0,Adana,Standart,0
751,150.0,542.57,9.0,,Eskişehir,Temel,0
752,37.0,222.36,19.0,4.0,Bursa,Temel,0
753,22.0,493.51,50.0,2.0,Eskişehir,Premium,0
754,61.0,502.74,39.0,4.0,,Standart,1
755,66.0,578.21,38.0,5.0,Antalya,Standart,1
756,43.0,496.22,8.0,0.0,Adana,Temel,1
757,34.0,,39.0,1.0,İzmir,Premium,0
758,19.0,394.7,10.0,1.0,Ankara,Standart,1
759,69.0,,15.0,2.0,Adana,Standart,1
760,20.0,588.75,55.0,4.0,Antalya,Temel,0
761,27.0,535.01,20.0,1.0,İzmir,Premium,1
762,55.0,556.2,1.0,1.0,Ankara,Standart,0
763,19.0,329.92,55.0,1.0,İzmir,Standart,0
764,42.0,311.97,6.0,0.0,İstanbul,Premium,0
765,,307.63,25.0,4.0,Ankara,Premium,0
766,35.0,605.06,23.0,2.0,Eskişehir,Temel,0
767,66.0,446.42,37.0,1.0,Antalya,Premium,0
768,39.0,401.81,53.0,0.0,Eskişehir,Standart,0
769,51.0,664.62,40.0,1.0,Antalya,Temel,0
770,59.0,494.97,34.0,0.0,İzmir,Temel,0
771,62.0,623.05,44.0,3.0,Bursa,Temel,0
772,,602.55,15.0,3.0,Adana,Standart,0
773,56.0,334.38,44.0,1.0,Bursa,Temel,0
774,-2.0,735.04,48.0,4.0,,Temel,0
775,50.0,428.98,17.0,2.0,,Premium,0
776,23.0,549.06,13.0,1.0,Adana,Standart,0
777,30.0,666.02,21.0,5.0,İzmir,Standart,0
778,37.0,376.45,19.0,4.0,Ankara,Premium,0
779,51.0,457.7,40.0,0.0,İzmir,Temel,0
780,30.0,545.2,5.0,1.0,,Premium,1
781,66.0,730.65,58.0,4.0,Adana,Standart,0
782,59.0,284.7,19.0,2.0,İzmir,Temel,1
783,39.0,317.5,12.0,0.0,Ankara,Temel,0
784,38.0,431.12,25.0,1.0,Antalya,,0
785,31.0,606.14,3.0,2.0,İstanbul,Standart,0
786,53.0,733.21,6.0,0.0,Eskişehir,Temel,0
787,22.0,,12.0,,İstanbul,Standart,1
788,37.0,540.07,42.0,3.0,İstanbul,Temel,1
789,59.0,,44.0,0.0,İzmir,Temel,0
790,57.0,442.01,53.0,3.0,Adana,,0
791,29.0,518.74,45.0,1.0,Bursa,Premium,0
792,64.0,611.79,57.0,2.0,Ankara,Temel,0
793,57.0,,37.0,0.0,İzmir,Temel,0
794,46.0,486.69,21.0,0.0,Eskişehir,Temel,0
795,52.0,517.22,34.0,1.0,İzmir,Premium,0
796,67.0,,5.0,1.0,İzmir,Standart,1
797,,505.36,16.0,2.0,Antalya,Standart,1
798,68.0,,58.0,2.0,Eskişehir,Temel,0
799,29.0,592.84,47.0,1.0,Adana,,0
800,64.0,410.93,21.0,1.0,Eskişehir,Temel,0
801,29.0,345.34,22.0,4.0,Ankara,Temel,0
802,37.0,390.74,23.0,0.0,Eskişehir,Temel,0
803,43.0,595.51,49.0,3.0,Adana,Temel,0
804,,503.79,54.0,5.0,Eskişehir,Standart,0
805,58.0,385.35,33.0,3.0,Antalya,Standart,1
806,55.0,626.62,34.0,3.0,Adana,Temel,0
807,45.0,477.31,19.0,2.0,İstanbul,Standart,0
808,48.0,268.94,40.0,2.0,Eskişehir,Temel,0
809,46.0,412.06,19.0,2.0,İstanbul,Temel,0
810,,731.46,47.0,2.0,,Standart,1
811,40.0,556.6,22.0,3.0,İzmir,Standart,0
812,28.0,584.14,23.0,2.0,Eskişehir,Standart,1
813,35.0,490.27,21.0,2.0,Ankara,Standart,1
814,23.0,,51.0,4.0,Antalya,Temel,0
815,,718.08,42.0,1.0,İzmir,Premium,1
816,22.0,382.52,11.0,2.0,Bursa,Premium,0
817,23.0,656.44,8.0,0.0,Antalya,,0
818,67.0,571.08,33.0,,Adana,Temel,0
819,47.0,453.26,26.0,5.0,Eskişehir,Temel,1
820,59.0,,41.0,3.0,Ankara,,0
821,56.0,413.31,10.0,0.0,Adana,Temel,0
822,40.0,559.35,11.0,1.0,Ankara,Temel,0
823,63.0,615.4,19.0,2.0,Antalya,Standart,1
824,64.0,,42.0,3.0,Ankara,Temel,0
825,28.0,505.83,46.0,0.0,İstanbul,Standart,0
826,19.0,541.46,25.0,0.0,İzmir,Standart,0
827,31.0,450.32,31.0,4.0,Eskişehir,Premium,1
828,26.0,397.8,18.0,0.0,Antalya,Standart,0
829,44.0,568.78,31.0,4.0,Ankara,Temel,1
830,34.0,377.19,54.0,3.0,İstanbul,Temel,0
831,18.0,182.02,12.0,1.0,İstanbul,Premium,0
832,35.0,614.67,31.0,1.0,,Temel,0
833,38.0,472.75,28.0,2.0,Ankara,Standart,1
834,20.0,531.28,38.0,2.0,Adana,Standart,0
835,38.0,288.99,21.0,3.0,Eskişehir,Temel,1
836,56.0,483.01,15.0,1.0,İzmir,Standart,0
837,48.0,243.06,4.0,4.0,Antalya,Temel,1
838,67.0,474.69,1.0,3.0,Adana,Temel,1
839,44.0,489.56,39.0,3.0,Bursa,,0
840,69.0,557.82,3.0,0.0,İzmir,Standart,1
841,42.0,409.13,22.0,0.0,Bursa,Premium,1
842,39.0,503.28,30.0,2.0,Eskişehir,Standart,1
843,56.0,418.29,11.0,2.0,Ankara,Standart,0
844,28.0,464.51,9.0,1.0,İzmir,Premium,0
845,50.0,319.45,52.0,1.0,İstanbul,Standart,1
846,37.0,680.39,48.0,2.0,Adana,Premium,0
847,31.0,528.53,40.0,0.0,Adana,Temel,0
848,23.0,476.87,15.0,0.0,Antalya,Premium,1
849,24.0,350.54,35.0,1.0,Antalya,Temel,1
850,45.0,659.6,3.0,6.0,Adana,Standart,1
851,46.0,595.66,12.0,3.0,Bursa,Temel,1
852,24.0,600.14,22.0,1.0,Antalya,Temel,0
853,59.0,408.75,25.0,3.0,Adana,Standart,0
854,51.0,,47.0,0.0,Bursa,Temel,0
855,25.0,438.92,7.0,0.0,İzmir,Standart,0
856,41.0,767.51,34.0,1.0,Eskişehir,Temel,0
857,44.0,85.84,43.0,3.0,İzmir,Temel,0
858,32.0,299.39,44.0,2.0,Eskişehir,Standart,0
859,39.0,560.92,31.0,1.0,Eskişehir,,0
860,57.0,517.51,2.0,1.0,İstanbul,Temel,0
861,,617.64,20.0,3.0,Antalya,Temel,0
862,18.0,423.88,51.0,2.0,Ankara,Premium,0
863,,210.08,19.0,7.0,İzmir,Temel,1
864,69.0,515.81,32.0,1.0,Eskişehir,Temel,0
865,20.0,436.21,11.0,2.0,Antalya,,0
866,40.0,327.76,35.0,2.0,Adana,Standart,1
867,37.0,524.24,11.0,1.0,Ankara,Standart,0
868,57.0,696.17,12.0,2.0,Bursa,Standart,1
869,31.0,,1.0,1.0,Antalya,Temel,0
870,23.0,181.94,6.0,1.0,,Temel,0
871,62.0,359.29,33.0,4.0,Bursa,Temel,0
872,33.0,304.97,45.0,3.0,Antalya,Standart,1
873,,556.42,47.0,5.0,Ankara,Temel,0
874,24.0,564.3,25.0,2.0,İzmir,Standart,0
875,54.0,264.95,34.0,4.0,İzmir,Temel,1
876,30.0,356.18,23.0,1.0,Antalya,Temel,0
877,31.0,533.49,25.0,1.0,İzmir,Temel,1
878,47.0,483.93,57.0,2.0,Eskişehir,Temel,1
879,39.0,482.03,54.0,3.0,Antalya,Premium,0
880,64.0,591.52,53.0,2.0,Ankara,Premium,0
881,61.0,501.3,27.0,0.0,İzmir,Premium,0
882,46.0,436.51,41.0,,Ankara,Standart,0
883,38.0,403.96,46.0,2.0,Antalya,Temel,0
884,24.0,493.77,9.0,1.0,Adana,Temel,0
885,32.0,542.8,29.0,0.0,İstanbul,Standart,0
886,37.0,,7.0,-2.0,Bursa,Premium,1
887,33.0,577.45,3.0,6.0,İzmir,Premium,1
888,61.0,685.44,26.0,2.0,Eskişehir,Temel,0
889,,540.5,17.0,1.0,Eskişehir,Temel,1
890,51.0,444.44,25.0,2.0,İzmir,Standart,0
891,29.0,466.04,59.0,0.0,Adana,,0
892,58.0,518.78,4.0,2.0,Eskişehir,Temel,0
893,62.0,503.47,32.0,2.0,Bursa,Premium,0
894,,322.92,25.0,1.0,Eskişehir,Premium,0
895,65.0,690.6,18.0,3.0,Antalya,Standart,0
896,47.0,621.99,12.0,5.0,Adana,Standart,1
897,21.0,690.82,20.0,5.0,Bursa,Premium,1
898,,457.55,39.0,2.0,İzmir,Temel,1
899,64.0,422.85,30.0,2.0,Bursa,Temel,0
900,31.0,486.05,42.0,3.0,Antalya,Temel,1
901,56.0,568.2,43.0,1.0,Adana,Temel,0
902,21.0,630.99,22.0,1.0,Antalya,,1
903,,466.94,38.0,3.0,Antalya,Temel,0
904,50.0,366.57,54.0,1.0,Ankara,Temel,0
905,64.0,543.8,14.0,1.0,İzmir,Premium,1
906,26.0,642.17,27.0,1.0,Bursa,Temel,0
907,27.0,354.16,36.0,1.0,İstanbul,Standart,0
908,31.0,443.88,58.0,1.0,İstanbul,Standart,0
909,69.0,347.18,21.0,1.0,Ankara,Premium,0
910,33.0,528.96,55.0,2.0,İstanbul,Standart,0
911,,420.1,15.0,0.0,Adana,,0
912,,541.9,24.0,3.0,İstanbul,Premium,1
913,65.0,497.36,51.0,2.0,İstanbul,Standart,1
914,47.0,491.71,46.0,2.0,İstanbul,,1
915,33.0,557.37,24.0,3.0,Ankara,,0
916,43.0,392.79,46.0,1.0,Eskişehir,Temel,0
917,54.0,264.22,56.0,1.0,İstanbul,Standart,0
918,61.0,612.8,27.0,2.0,İzmir,Standart,1
919,64.0,613.54,40.0,2.0,Ankara,Temel,0
920,48.0,323.34,25.0,2.0,Antalya,Temel,0
921,22.0,574.82,48.0,0.0,İzmir,Premium,0
922,68.0,,41.0,,Adana,Temel,0
923,62.0,579.7,17.0,1.0,Eskişehir,Temel,0
924,23.0,505.36,35.0,3.0,İzmir,Premium,0
925,59.0,,42.0,3.0,Bursa,Standart,1
926,59.0,808.08,43.0,2.0,İstanbul,Premium,0
927,32.0,,32.0,1.0,Ankara,Standart,1
928,65.0,654.59,54.0,2.0,İzmir,Temel,0
929,21.0,616.38,12.0,2.0,Antalya,Standart,1
930,69.0,617.12,5.0,2.0,İzmir,Premium,0
931,18.0,419.67,29.0,1.0,İzmir,Standart,0
932,41.0,509.06,5.0,2.0,İzmir,Premium,1
933,34.0,441.54,54.0,1.0,Eskişehir,Temel,0
934,60.0,780.92,8.0,1.0,Bursa,Standart,0
935,38.0,511.07,13.0,2.0,Bursa,Temel,1
936,42.0,,52.0,1.0,Bursa,Temel,0
937,58.0,388.8,44.0,5.0,Eskişehir,Temel,1
938,43.0,,9.0,1.0,Eskişehir,,1
939,58.0,717.58,58.0,2.0,Bursa,Standart,0
940,66.0,565.3,7.0,120.0,İstanbul,Temel,0
941,28.0,735.27,11.0,3.0,Antalya,Standart,0
942,32.0,591.84,23.0,3.0,Ankara,Standart,0
943,64.0,100000.0,57.0,1.0,İstanbul,Temel,0
944,51.0,485.0,38.0,1.0,Antalya,Standart,0
945,,515.84,20.0,3.0,Antalya,Standart,0
946,26.0,657.77,19.0,3.0,,Standart,1
947,32.0,699.37,6.0,0.0,Bursa,Premium,1
948,55.0,428.41,36.0,6.0,Ankara,Temel,1
949,46.0,,43.0,0.0,Eskişehir,Standart,0
950,34.0,75000.0,21.0,4.0,Adana,Standart,0
951,35.0,635.27,4.0,2.0,İstanbul,Standart,1
952,45.0,573.4,1.0,2.0,Bursa,Standart,0
953,,553.6,33.0,2.0,Bursa,Temel,1
954,32.0,99.52,6.0,3.0,Eskişehir,,1
955,69.0,605.6,5.0,4.0,Bursa,Premium,1
956,39.0,567.21,16.0,0.0,Eskişehir,Temel,1
957,43.0,380.82,27.0,3.0,İstanbul,Temel,1
958,50.0,291.37,54.0,2.0,İzmir,Temel,0
959,54.0,304.08,39.0,1.0,Ankara,Standart,0
960,18.0,355.48,12.0,1.0,Antalya,Standart,0
961,38.0,419.84,33.0,3.0,İstanbul,Premium,0
962,24.0,339.26,31.0,2.0,Bursa,Standart,0
963,,398.58,54.0,3.0,Antalya,Temel,0
964,49.0,279.46,29.0,2.0,Bursa,Temel,1
965,61.0,421.36,55.0,3.0,İzmir,Temel,0
966,48.0,,3.0,0.0,Antalya,,0
967,58.0,,40.0,1.0,Eskişehir,Temel,1
968,22.0,429.72,2.0,2.0,Eskişehir,Premium,1
969,63.0,,44.0,1.0,İstanbul,,0
970,5.0,649.38,8.0,2.0,İzmir,Standart,0
971,68.0,251.8,31.0,3.0,İstanbul,Standart,1
972,54.0,892.5,59.0,3.0,Antalya,Premium,0
973,69.0,563.94,17.0,3.0,Adana,Temel,1
974,27.0,552.75,27.0,1.0,İzmir,Temel,0
975,33.0,584.46,19.0,2.0,Ankara,Premium,0
976,28.0,,11.0,1.0,Eskişehir,Temel,0
977,48.0,427.95,3.0,3.0,Bursa,Premium,0
978,24.0,583.15,16.0,1.0,Eskişehir,Standart,1
979,60.0,506.39,11.0,,Bursa,Standart,0
980,44.0,427.35,10.0,2.0,İstanbul,Standart,0
981,51.0,353.91,45.0,0.0,İstanbul,Temel,0
982,64.0,,27.0,4.0,Ankara,Premium,0
983,18.0,391.09,56.0,1.0,Bursa,Temel,0
984,40.0,401.19,56.0,2.0,Bursa,Temel,0
985,47.0,679.62,9.0,5.0,Ankara,Premium,0
986,49.0,418.03,34.0,3.0,İstanbul,Standart,0
987,40.0,426.42,30.0,1.0,İzmir,Standart,1
988,44.0,481.58,48.0,2.0,İstanbul,Standart,0
989,21.0,590.12,55.0,1.0,İstanbul,Standart,0
990,,,53.0,1.0,Adana,Premium,1
991,47.0,,23.0,6.0,İzmir,Standart,0
992,60.0,518.3,2.0,1.0,Antalya,Premium,1
993,19.0,459.66,4.0,2.0,Adana,Temel,0
994,-5.0,212.49,2.0,2.0,İstanbul,Temel,0
995,61.0,637.13,3.0,1.0,Bursa,Standart,0
996,56.0,578.31,30.0,3.0,Eskişehir,Standart,1
997,19.0,461.62,22.0,4.0,Eskişehir,Standart,1
998,28.0,481.93,16.0,2.0,İzmir,Standart,1
999,40.0,487.79,3.0,4.0,İzmir,Temel,1
1000,52.0,646.04,32.0,2.0,Antalya,Standart,1
